attctggaa	DB_AR_1
cttcaataa	DB_AL_2
gtcctaacca	DB_AL_3
cagagagcca	DB_AL_4
acctcgtcca	DB_AL_5
aattggagca	DB_AL_6
aatataac	DB_AL_7
aggacgac	DB_AL_8
aagttgctaa	DB_AL_9
cttgccga	DB_AL_11
ctgatgga	DB_AL_12
gtagcata	DB_AL_13
ccagtcta	DB_AL_14
cctccaac	DB_AL_15
actccgcca	DB_AL_16
gcgttgcca	DB_AL_17
aatccaga	DB_AL_18
aaggaataa	DB_AL_19
gcgctataa	DB_AL_20
acctagtaa	DB_AL_21
taacggtaa	DB_AL_22
gtcagacca	DB_AL_23
ttaattggca	DB_AL_24
ttatgcatca	DB_AL_25
agcaatgaa	DB_AL_26
cgctcaacca	DB_AL_27
ctgcagacca	DB_AL_28
cattacgcca	DB_AL_29
cgaggaagca	DB_AL_30
caggaacgca	DB_AL_31
gcggtaac	DB_AL_33
tattggac	DB_AL_34
atagtcgtaa	DB_AL_35
gaccgcga	DB_AL_36
tggactga	DB_AL_37
atccgata	DB_AR_39
atatagta	DB_AR_40
ttgcgaac	DB_AL_45
ggagcgcca	DB_AL_46
tagactcca	DB_AL_47
cctagaga	DB_AL_48
ttctcataa	DB_AR_49
agattataa	DB_AR_50
tggacgtaa	DB_AL_51
aatccttaa	DB_AL_52
agacgacca	DB_AL_53
cataattgca	DB_AL_54
tattctatca	DB_AL_55
ctggatgaa	DB_AL_56
ataagaacca	DB_AL_57
cttattacca	DB_AR_58
ctatcggcca	DB_SC_59
aagaggta	DB_SC_60
aactctcgca	DB_SC_61
cttaagac	DB_SC_62
cgcttgac	DB_SC_63
tgcaacttaa	DB_SC_64
acgttcga	DB_SC_65
actgaata	DB_SC_66
gccttata	DB_SC_67
aggcgcagca	DB_SC_68
cctatacca	DB_SC_69
cggaggcca	DB_SC_70
gatcgtcca	DB_SC_71
ggaataga	DB_SC_72
gatagataa	SB_SC_73
gtaacctaa	SB_SC_74
gctgcgtaa	SB_SC_75
ttcaatta	SB_SC_76
aatgcaggca	SB_SC_78
agaacttgca	SB_SC_79
gcttgcctca	SB_SC_80
caacttgaa	SB_SC_81
cctcgaacca	SB_SC_82
accgttacca	SB_SC_83
tgagctgcca	SB_SC_84
catctcagca	SB_SC_85
acctgaac	SB_SC_86
gacgagac	SB_SC_87
taggctac	SB_SC_88
aagccaacca	SB_SC_89
tataagga	SB_SC_90
tagtaata	SB_SC_91
tgctgcta	SB_SC_92
ccgcgtta	SB_SC_93
cttgagcca	SB_SC_94
ataatgcca	SB_SC_95
ctccttcca	SB_SC_96
ttcgtaga	SB_SC_97
ccaggataa	SB_SC_98
cagtcctaa	SB_SC_99
ctcaggtaa	SB_SC_100
ggttaacca	SB_SC_101
ttggacggca	SB_SC_102
caattaatca	SB_SC_103
agcatgctca	SB_SC_104
gtcattac	SB_SC_105
cgtaacgca	SB_SC_106
actactcc	SB_SC_107
ccattagc	SB_SC_108
gagaccgc	SB_SC_109
ccgaattca	SB_SC_110
acggcctc	SB_SC_111
cgaaccaga	SB_SC_112
actaatctca	SB_SC_113
ggcgtattca	SB_SC_114
tggcaggca	SB_SC_115
cgcgcatca	SB_SC_116
gccggctca	SB_SC_117
atatgctgga	SB_SC_118
ccagttctga	SB_SC_119
gccgacgata	SB_SC_120
caacttac	SB_SC_121
ccagagcc	SB_SC_122
atactcaaga	SB_SC_123
tatacggaga	SB_SC_124
ctctgatcga	SB_AR_125
cggcaatc	SB_AR_126
attagctc	SB_AR_127
ctaataag	SB_AR_128
aactcagca	SB_AR_129
gtctacgca	SB_AR_130
ggacctcc	SB_AR_131
cgcaacgc	SB_AR_132
gttccggc	SB_AR_133
gaatattca	SB_AR_134
aatcgaaga	SB_AR_135
gtccgcaga	SB_AR_136
attcgcgtca	SB_AR_137
cgaaccaaga	SB_AR_138
gatacggca	SB_AR_139
ttgcgatca	SB_AR_140
ctatgctca	SB_AR_141
ggaatctgga	SB_AR_142
cggtccttga	SB_AR_143
tataactata	SB_AR_144
gatcaacc	SB_AR_145
ttatcgcc	SB_AR_147
cagaagaaga	SB_AR_148
cgcgaataga	SB_AR_149
attggaagga	SB_AR_150
ctctcatc	SB_AR_151
tgactctc	SB_AR_152
acgagcag	SB_AR_153
gaaggagca	SB_AR_154
acgaccgca	SB_AR_155
ctcggtcc	SB_AR_156
atagacgc	SB_AR_157
aactcggc	SB_AR_158
agtcattgga	SB_AR_159
ctcataaga	SB_AR_160
cctggcaga	SB_AR_161
tccaaggtca	SB_AR_162
tcgatgcc	SB_AR_163
tccgctgca	SB_AR_164
acttgatca	SB_AR_165
gagatctca	SB_AR_166
ggttgatc	SB_AR_167
acgccgttga	SB_AR_168
ccgcctacta	SB_AR_169
gcaagacc	SB_AR_170
agcctcgca	SB_AR_171
aggattaaga	SB_AR_172
ttcagctaga	SB_AR_173
caggttagga	SB_AR_174
tagcatatga	SB_AR_175
gcgaattc	SB_AR_176
ggcggcag	SB_AL_177
atggtagca	SB_AL_178
acgtccaaga	SB_AL_179
ggcgcagc	SB_AL_180
gcttacgc	SB_AL_181
ctaactgc	SB_AL_182
catgactc	SB_AL_183
gaggtaaga	SB_AL_184
aacttcaga	SB_AL_185
catatggtca	SB_AL_186
cagtatcc	SB_AL_187
cggtctgca	SB_AL_188
agagactca	SB_AL_189
ggcaagtca	SB_AL_190
ggctcaaga	SB_AL_191
tgcggcaata	SB_AL_192
tgagtaccta	SB_AL_193
agccagcc	SB_AL_194
ccagtcgca	SB_AL_195
agataagaga	SB_AL_196
tcaacgacga	SB_AL_197
atgcttgc	SB_AL_198
ttatatctga	SB_AL_199
gattcaag	SB_AL_200
tctacgag	SB_AL_201
acgaagaga	SB_AL_202
tcctactcta	SB_AL_203
ctacttagta	SB_AL_204
cgcattggta	SB_AL_205
cctcggctta	SB_AL_206
ggagaagtta	SB_AL_207
ttcaactga	SB_AL_208
agcagaata	SB_AL_209
ctaaggccta	SB_AL_210
cggagacg	SB_AL_211
ggtaaccg	SB_AL_212
catatgcg	SB_AL_213
agaaccgg	SB_AL_214
atcgctgg	SB_AL_215
ttcaaccaac	SB_AL_216
ctacggcaac	SB_AL_217
ggtcagaga	SB_AL_218
agacttaga	SB_AL_219
cgcgtccga	SB_AL_220
atgcggcga	SB_AL_221
cagagagga	SB_AL_222
gctatcgga	SB_AL_223
gttacttg	SB_AL_224
gcgcggat	SB_AL_225
cctatagcta	SB_AL_226
ttggtctcta	SB_AL_227
taagccggta	SB_AL_228
tccgcgatta	SB_AL_229
tcattgctta	SB_AR_230